{"cameraMode":{"drawMode":0,"name":"Shaded","section":"Shading Mode"},"sceneLighting":true,"audioPlay":false,"sceneViewState":{"showFog":true,"showMaterialUpdate":false,"showSkybox":true,"showFlares":true,"showImageEffects":true,"showParticleSystems":true,"showVisualEffectGraphs":true,"m_FxEnabled":true},"in2DMode":false,"pivot":{"x":-6.68076753616333,"y":1.1672672033309937,"z":41.16217803955078},"rotation":{"x":0.003284834325313568,"y":0.06385538727045059,"z":0.00019056837481912225,"w":-0.9979841113090515},"size":23.40959358215332,"orthographic":false}